Workbook

Sheet 2023-24
A1: Сезон | B1: Игрок | C1: Позиция | D1: Матчи | E1: Голы | F1: Ассисты | G1: Сухие матчи | H1: Г+П
A2: 2023/24 | B2: J. Vardy | C2: ФРВ | D2: 53 | E2: 52 | F2: 11 | G2: 11 | H2: =E2+F2 -> 63
A3: 2023/24 | B3: A. Oxlade-Chamberlain | C3: ЦП | D3: 53 | E3: 25 | F3: 17 | G3: 15 | H3: =E3+F3 -> 42
A4: 2023/24 | B4: R. Kent | C4: ЛФА | D4: 52 | E4: 23 | F4: 10 | G4: 15 | H4: =E4+F4 -> 33
A5: 2023/24 | B5: K. Dewsbury-Hall | C5: ЦП | D5: 51 | E5: 18 | F5: 15 | G5: 15 | H5: =E5+F5 -> 33
A6: 2023/24 | B6: A. Fatawu Issahaku | C6: ПФА | D6: 52 | E6: 12 | F6: 17 | G6: 12 | H6: =E6+F6 -> 29
A7: 2023/24 | B7: D. Washington | C7: ФРВ | D7: 23 | E7: 6 | F7: 1 | G7: 0 | H7: =E7+F7 -> 7
A8: 2023/24 | B8: J. Justin | C8: ЛЗ | D8: 52 | E8: 4 | F8: 12 | G8: 15 | H8: =E8+F8 -> 16
A9: 2023/24 | B9: W. Ndidi | C9: ЦОП | D9: 52 | E9: 2 | F9: 5 | G9: 13 | H9: =E9+F9 -> 7
A10: 2023/24 | B10: D. Alli | C10: ЦП | D10: 29 | E10: 2 | F10: 3 | G10: 1 | H10: =E10+F10 -> 5
A11: 2023/24 | B11: P. Daka | C11: ФРВ | D11: 10 | E11: 2 | F11: 0 | G11: 0 | H11: =E11+F11 -> 2

Sheet 2024-25
A1: Сезон | B1: Игрок | C1: Позиция | D1: Матчи | E1: Голы | F1: Ассисты | G1: Сухие матчи | H1: Г+П
A2: 2024/25 | B2: J. Vardy | C2: ФРВ | D2: 45 | E2: 31 | F2: 7 | G2: 5 | H2: =E2+F2 -> 38
A3: 2024/25 | B3: A. Fatawu Issahaku | C3: ПФА | D3: 34 | E3: 13 | F3: 8 | G3: 5 | H3: =E3+F3 -> 21
A4: 2024/25 | B4: A. Sarr | C4: ФРВ | D4: 27 | E4: 13 | F4: 5 | G4: 0 | H4: =E4+F4 -> 18
A5: 2024/25 | B5: K. Dewsbury-Hall | C5: ЦП | D5: 45 | E5: 6 | F5: 10 | G5: 6 | H5: =E5+F5 -> 16
A6: 2024/25 | B6: Jeffinho | C6: ЛФА | D6: 22 | E6: 5 | F6: 8 | G6: 3 | H6: =E6+F6 -> 13
A7: 2024/25 | B7: G. Kerk | C7: ЛФА | D7: 22 | E7: 5 | F7: 1 | G7: 0 | H7: =E7+F7 -> 6
A8: 2024/25 | B8: A. Oxlade-Chamberlain | C8: ЦП | D8: 27 | E8: 4 | F8: 4 | G8: 3 | H8: =E8+F8 -> 8
A9: 2024/25 | B9: J. Ward-Prowse | C9: ЦП | D9: 28 | E9: 4 | F9: 3 | G9: 2 | H9: =E9+F9 -> 7
A10: 2024/25 | B10: R. Kent | C10: ЛФА | D10: 13 | E10: 2 | F10: 4 | G10: 3 | H10: =E10+F10 -> 6
A11: 2024/25 | B11: J. Justin | C11: ЛЗ | D11: 35 | E11: 1 | F11: 1 | G11: 3 | H11: =E11+F11 -> 2
A12: 2024/25 | B12: W. Faes | C12: ЦЗ | D12: 44 | E12: 1 | F12: 1 | G12: 6 | H12: =E12+F12 -> 2
A13: 2024/25 | B13: R. Bazoer | C13: ЦЗ | D13: 8 | E13: 1 | F13: 1 | G13: 0 | H13: =E13+F13 -> 2
... A21: 2024/25 | B21: T. Harwood-Bellis | C21: ЦЗ | D21: 11 | E21: 0 | F21: 0 | G21: 1 | H21: =E21+F21 -> 0

Sheet 2025-26
A1: Сезон | B1: Игрок | C1: Позиция | D1: Матчи | E1: Голы | F1: Ассисты | G1: Сухие матчи | H1: Г+П
A2: 2025/26 | B2: A. Sarr | C2: ФРВ | D2: 48 | E2: 36 | F2: 11 | G2: 8 | H2: =E2+F2 -> 47
A3: 2025/26 | B3: A. Fatawu Issahaku | C3: ПФА | D3: 47 | E3: 19 | F3: 11 | G3: 6 | H3: =E3+F3 -> 30
A4: 2025/26 | B4: L. Proctor | C4: ЦАП | D4: 47 | E4: 13 | F4: 13 | G4: 6 | H4: =E4+F4 -> 26
A5: 2025/26 | B5: D. Fofana | C5: ФРВ | D5: 33 | E5: 13 | F5: 4 | G5: 0 | H5: =E5+F5 -> 17
A6: 2025/26 | B6: Jeffinho | C6: ЛФА | D6: 27 | E6: 6 | F6: 6 | G6: 1 | H6: =E6+F6 -> 12
A7: 2025/26 | B7: C. Bassey | C7: ЦЗ | D7: 31 | E7: 5 | F7: 3 | G7: 0 | H7: =E7+F7 -> 8
A8: 2025/26 | B8: R. Kent | C8: ЛФА | D8: 46 | E8: 4 | F8: 9 | G8: 6 | H8: =E8+F8 -> 13
A9: 2025/26 | B9: J. Branthwaite | C9: ЦЗ | D9: 34 | E9: 3 | F9: 2 | G9: 5 | H9: =E9+F9 -> 5
A10: 2025/26 | B10: W. Faes | C10: ЦЗ | D10: 47 | E10: 2 | F10: 1 | G10: 5 | H10: =E10+F10 -> 3
A11: 2025/26 | B11: Á. Baena | C11: ЦП | D11: 25 | E11: 2 | F11: 3 | G11: 4 | H11: =E11+F11 -> 5
A12: 2025/26 | B12: K. Dewsbury-Hall | C12: ЦП | D12: 35 | E12: 2 | F12: 5 | G12: 4 | H12: =E12+F12 -> 7
A13: 2025/26 | B13: A. Oxlade-Chamberlain | C13: ЦП | D13: 39 | E13: 2 | F13: 2 | G13: 4 | H13: =E13+F13 -> 4
... A31: 2025/26 | B31: Kepa | C31: ВРТ | D31: 48 | E31: 0 | F31: 0 | G31: 5 | H31: =E31+F31 -> 0

Sheet 2026-27
A1: Сезон | B1: Игрок | C1: Позиция | D1: Матчи | E1: Голы | F1: Ассисты | G1: Сухие матчи | H1: Г+П
A2: 2026/27 | B2: A. Sarr | C2: ФРВ | D2: 40 | E2: 35 | F2: 13 | G2: 4 | H2: =E2+F2 -> 48
A3: 2026/27 | B3: L. Proctor | C3: ЦАП | D3: 41 | E3: 17 | F3: 8 | G3: 5 | H3: =E3+F3 -> 25
A4: 2026/27 | B4: K. Sulemana | C4: ЛФА | D4: 47 | E4: 14 | F4: 5 | G4: 6 | H4: =E4+F4 -> 19
A5: 2026/27 | B5: N. Madueke | C5: ПФА | D5: 43 | E5: 10 | F5: 10 | G5: 5 | H5: =E5+F5 -> 20
A6: 2026/27 | B6: B. Mbeumo | C6: ПФА | D6: 31 | E6: 8 | F6: 1 | G6: 3 | H6: =E6+F6 -> 9
A7: 2026/27 | B7: S. Mara | C7: ФРВ | D7: 25 | E7: 5 | F7: 4 | G7: 3 | H7: =E7+F7 -> 9
A8: 2026/27 | B8: N. Seiwald | C8: ЦП | D8: 29 | E8: 5 | F8: 6 | G8: 4 | H8: =E8+F8 -> 11
A9: 2026/27 | B9: M. Beier | C9: ФРВ | D9: 14 | E9: 4 | F9: 2 | G9: 1 | H9: =E9+F9 -> 6
A10: 2026/27 | B10: M. Daramy | C10: ЛФА | D10: 17 | E10: 2 | F10: 3 | G10: 3 | H10: =E10+F10 -> 5
A11: 2026/27 | B11: K. Dewsbury-Hall | C11: ЦП | D11: 50 | E11: 2 | F11: 6 | G11: 10 | H11: =E11+F11 -> 8
A12: 2026/27 | B12: A. Oxlade-Chamberlain | C12: ЦП | D12: 10 | E12: 1 | F12: 3 | G12: 0 | H12: =E12+F12 -> 4
A13: 2026/27 | B13: G. Fernandes | C13: ЦП | D13: 23 | E13: 1 | F13: 3 | G13: 0 | H13: =E13+F13 -> 4
... A34: 2026/27 | B34: M. Safonov | C34: ВРТ | D34: 54 | E34: 0 | F34: 1 | G34: 8 | H34: =E34+F34 -> 1

Sheet 2027-28
A1: Сезон | B1: Игрок | C1: Позиция | D1: Матчи | E1: Голы | F1: Ассисты | G1: Сухие матчи | H1: Г+П
A2: 2027/28 | B2: A. Hložek | C2: ФРВ | D2: 33 | E2: 43 | F2: 5 | G2: 4 | H2: =E2+F2 -> 48
A3: 2027/28 | B3: T. Tomás | C3: ФРВ | D3: 43 | E3: 24 | F3: 5 | G3: 0 | H3: =E3+F3 -> 29
A4: 2027/28 | B4: N. Madueke | C4: ПФА | D4: 49 | E4: 16 | F4: 25 | G4: 6 | H4: =E4+F4 -> 41
A5: 2027/28 | B5: L. Proctor | C5: ЦАП | D5: 44 | E5: 13 | F5: 17 | G5: 5 | H5: =E5+F5 -> 30
A6: 2027/28 | B6: K. Sulemana | C6: ЛФА | D6: 36 | E6: 12 | F6: 13 | G6: 5 | H6: =E6+F6 -> 25
A7: 2027/28 | B7: S. Szymański | C7: ЦАП | D7: 35 | E7: 9 | F7: 9 | G7: 1 | H7: =E7+F7 -> 18
A8: 2027/28 | B8: M. Baturina | C8: ЦП | D8: 24 | E8: 8 | F8: 2 | G8: 2 | H8: =E8+F8 -> 10
A9: 2027/28 | B9: M. Beier | C9: ФРВ | D9: 11 | E9: 7 | F9: 4 | G9: 0 | H9: =E9+F9 -> 11
A10: 2027/28 | B10: R. Kent | C10: ЛФА | D10: 43 | E10: 4 | F10: 11 | G10: 0 | H10: =E10+F10 -> 15
A11: 2027/28 | B11: K. Dewsbury-Hall | C11: ЦП | D11: 48 | E11: 3 | F11: 8 | G11: 6 | H11: =E11+F11 -> 11
A12: 2027/28 | B12: A. Diouf | C12: ЦП | D12: 32 | E12: 2 | F12: 3 | G12: 0 | H12: =E12+F12 -> 5
A13: 2027/28 | B13: M. Gusto | C13: ПЗ | D13: 48 | E13: 1 | F13: 3 | G13: 6 | H13: =E13+F13 -> 4
... A31: 2027/28 | B31: A. Trubin | C31: ВРТ | D31: 46 | E31: 0 | F31: 0 | G31: 5 | H31: =E31+F31 -> 0

Sheet Все сезоны
A1: Сезон | B1: Игрок | C1: Позиция | D1: Матчи | E1: Голы | F1: Ассисты | G1: Сухие матчи | H1: Г+П
A2: 2023/24 | B2: J. Vardy | C2: ФРВ | D2: 53 | E2: 52 | F2: 11 | G2: 11 | H2: =E2+F2 -> 63
A3: 2023/24 | B3: A. Oxlade-Chamberlain | C3: ЦП | D3: 53 | E3: 25 | F3: 17 | G3: 15 | H3: =E3+F3 -> 42
A4: 2023/24 | B4: R. Kent | C4: ЛФА | D4: 52 | E4: 23 | F4: 10 | G4: 15 | H4: =E4+F4 -> 33
A5: 2023/24 | B5: K. Dewsbury-Hall | C5: ЦП | D5: 51 | E5: 18 | F5: 15 | G5: 15 | H5: =E5+F5 -> 33
A6: 2023/24 | B6: A. Fatawu Issahaku | C6: ПФА | D6: 52 | E6: 12 | F6: 17 | G6: 12 | H6: =E6+F6 -> 29
A7: 2023/24 | B7: D. Washington | C7: ФРВ | D7: 23 | E7: 6 | F7: 1 | G7: 0 | H7: =E7+F7 -> 7
A8: 2023/24 | B8: J. Justin | C8: ЛЗ | D8: 52 | E8: 4 | F8: 12 | G8: 15 | H8: =E8+F8 -> 16
A9: 2023/24 | B9: W. Ndidi | C9: ЦОП | D9: 52 | E9: 2 | F9: 5 | G9: 13 | H9: =E9+F9 -> 7
A10: 2023/24 | B10: D. Alli | C10: ЦП | D10: 29 | E10: 2 | F10: 3 | G10: 1 | H10: =E10+F10 -> 5
A11: 2023/24 | B11: P. Daka | C11: ФРВ | D11: 10 | E11: 2 | F11: 0 | G11: 0 | H11: =E11+F11 -> 2
A12: 2024/25 | B12: J. Vardy | C12: ФРВ | D12: 45 | E12: 31 | F12: 7 | G12: 5 | H12: =E12+F12 -> 38
A13: 2024/25 | B13: A. Fatawu Issahaku | C13: ПФА | D13: 34 | E13: 13 | F13: 8 | G13: 5 | H13: =E13+F13 -> 21
... A124: 2027/28 | B124: A. Trubin | C124: ВРТ | D124: 46 | E124: 0 | F124: 0 | G124: 5 | H124: =E124+F124 -> 0

Sheet Примечания
A1: Параметр | B1: Описание
A2: Источник | B2: 13 скриншотов EA FC, порядок от 2023/24 до 2027/28
A3: Объём | B3: Только видимые строки, без восстановления скрытых игроков
A4: Сухие матчи | B4: Переписаны из левой таблицы, включая полевых игроков
A5: Дубликаты | B5: Повторяющиеся строки внутри одного сезона исключены

Sheet За всю карьеру
A1: LEICESTER CITY | СТАТИСТИКА ЗА ВСЮ КАРЬЕРУ
A2: EA FC 24 • 2023/24—2027/28 • по всем видимым строкам предоставленных скриншотов
A4: Игрок | B4: Сезонов | C4: Первый сезон | D4: Последний сезон | E4: Матчей | F4: Голов | G4: Голевых | H4: Г+П | I4: Сухие матчи
A5: A. Sarr | B5: =COUNTIF('Все сезоны'!$B$2:$B$124,A5) -> 3 | C5: 2024/25 | D5: 2026/27 | E5: =SUMIF('Все сезоны'!$B$2:$B$124,A5,'Все сезоны'!$D$2:$D$124) -> 115 | F5: =SUMIF('Все сезоны'!$B$2:$B$124,A5,'Все сезоны'!$E$2:$E$124) -> 84 | G5: =SUMIF('Все сезоны'!$B$2:$B$124,A5,'Все сезоны'!$F$2:$F$124) -> 29 | H5: =F5+G5 -> 113 | I5: =SUMIF('Все сезоны'!$B$2:$B$124,A5,'Все сезоны'!$G$2:$G$124) -> 12
A6: J. Vardy | B6: =COUNTIF('Все сезоны'!$B$2:$B$124,A6) -> 2 | C6: 2023/24 | D6: 2024/25 | E6: =SUMIF('Все сезоны'!$B$2:$B$124,A6,'Все сезоны'!$D$2:$D$124) -> 98 | F6: =SUMIF('Все сезоны'!$B$2:$B$124,A6,'Все сезоны'!$E$2:$E$124) -> 83 | G6: =SUMIF('Все сезоны'!$B$2:$B$124,A6,'Все сезоны'!$F$2:$F$124) -> 18 | H6: =F6+G6 -> 101 | I6: =SUMIF('Все сезоны'!$B$2:$B$124,A6,'Все сезоны'!$G$2:$G$124) -> 16
A7: A. Fatawu Issahaku | B7: =COUNTIF('Все сезоны'!$B$2:$B$124,A7) -> 3 | C7: 2023/24 | D7: 2025/26 | E7: =SUMIF('Все сезоны'!$B$2:$B$124,A7,'Все сезоны'!$D$2:$D$124) -> 133 | F7: =SUMIF('Все сезоны'!$B$2:$B$124,A7,'Все сезоны'!$E$2:$E$124) -> 44 | G7: =SUMIF('Все сезоны'!$B$2:$B$124,A7,'Все сезоны'!$F$2:$F$124) -> 36 | H7: =F7+G7 -> 80 | I7: =SUMIF('Все сезоны'!$B$2:$B$124,A7,'Все сезоны'!$G$2:$G$124) -> 23
A8: L. Proctor | B8: =COUNTIF('Все сезоны'!$B$2:$B$124,A8) -> 3 | C8: 2025/26 | D8: 2027/28 | E8: =SUMIF('Все сезоны'!$B$2:$B$124,A8,'Все сезоны'!$D$2:$D$124) -> 132 | F8: =SUMIF('Все сезоны'!$B$2:$B$124,A8,'Все сезоны'!$E$2:$E$124) -> 43 | G8: =SUMIF('Все сезоны'!$B$2:$B$124,A8,'Все сезоны'!$F$2:$F$124) -> 38 | H8: =F8+G8 -> 81 | I8: =SUMIF('Все сезоны'!$B$2:$B$124,A8,'Все сезоны'!$G$2:$G$124) -> 16
A9: A. Hložek | B9: =COUNTIF('Все сезоны'!$B$2:$B$124,A9) -> 1 | C9: 2027/28 | D9: 2027/28 | E9: =SUMIF('Все сезоны'!$B$2:$B$124,A9,'Все сезоны'!$D$2:$D$124) -> 33 | F9: =SUMIF('Все сезоны'!$B$2:$B$124,A9,'Все сезоны'!$E$2:$E$124) -> 43 | G9: =SUMIF('Все сезоны'!$B$2:$B$124,A9,'Все сезоны'!$F$2:$F$124) -> 5 | H9: =F9+G9 -> 48 | I9: =SUMIF('Все сезоны'!$B$2:$B$124,A9,'Все сезоны'!$G$2:$G$124) -> 4
A10: R. Kent | B10: =COUNTIF('Все сезоны'!$B$2:$B$124,A10) -> 4 | C10: 2023/24 | D10: 2027/28 | E10: =SUMIF('Все сезоны'!$B$2:$B$124,A10,'Все сезоны'!$D$2:$D$124) -> 154 | F10: =SUMIF('Все сезоны'!$B$2:$B$124,A10,'Все сезоны'!$E$2:$E$124) -> 33 | G10: =SUMIF('Все сезоны'!$B$2:$B$124,A10,'Все сезоны'!$F$2:$F$124) -> 34 | H10: =F10+G10 -> 67 | I10: =SUMIF('Все сезоны'!$B$2:$B$124,A10,'Все сезоны'!$G$2:$G$124) -> 24
A11: A. Oxlade-Chamberlain | B11: =COUNTIF('Все сезоны'!$B$2:$B$124,A11) -> 4 | C11: 2023/24 | D11: 2026/27 | E11: =SUMIF('Все сезоны'!$B$2:$B$124,A11,'Все сезоны'!$D$2:$D$124) -> 129 | F11: =SUMIF('Все сезоны'!$B$2:$B$124,A11,'Все сезоны'!$E$2:$E$124) -> 32 | G11: =SUMIF('Все сезоны'!$B$2:$B$124,A11,'Все сезоны'!$F$2:$F$124) -> 26 | H11: =F11+G11 -> 58 | I11: =SUMIF('Все сезоны'!$B$2:$B$124,A11,'Все сезоны'!$G$2:$G$124) -> 22
A12: K. Dewsbury-Hall | B12: =COUNTIF('Все сезоны'!$B$2:$B$124,A12) -> 5 | C12: 2023/24 | D12: 2027/28 | E12: =SUMIF('Все сезоны'!$B$2:$B$124,A12,'Все сезоны'!$D$2:$D$124) -> 229 | F12: =SUMIF('Все сезоны'!$B$2:$B$124,A12,'Все сезоны'!$E$2:$E$124) -> 31 | G12: =SUMIF('Все сезоны'!$B$2:$B$124,A12,'Все сезоны'!$F$2:$F$124) -> 44 | H12: =F12+G12 -> 75 | I12: =SUMIF('Все сезоны'!$B$2:$B$124,A12,'Все сезоны'!$G$2:$G$124) -> 41
A13: N. Madueke | B13: =COUNTIF('Все сезоны'!$B$2:$B$124,A13) -> 2 | C13: 2026/27 | D13: 2027/28 | E13: =SUMIF('Все сезоны'!$B$2:$B$124,A13,'Все сезоны'!$D$2:$D$124) -> 92 | F13: =SUMIF('Все сезоны'!$B$2:$B$124,A13,'Все сезоны'!$E$2:$E$124) -> 26 | G13: =SUMIF('Все сезоны'!$B$2:$B$124,A13,'Все сезоны'!$F$2:$F$124) -> 35 | H13: =F13+G13 -> 61 | I13: =SUMIF('Все сезоны'!$B$2:$B$124,A13,'Все сезоны'!$G$2:$G$124) -> 11
A14: K. Sulemana | B14: =COUNTIF('Все сезоны'!$B$2:$B$124,A14) -> 2 | C14: 2026/27 | D14: 2027/28 | E14: =SUMIF('Все сезоны'!$B$2:$B$124,A14,'Все сезоны'!$D$2:$D$124) -> 83 | F14: =SUMIF('Все сезоны'!$B$2:$B$124,A14,'Все сезоны'!$E$2:$E$124) -> 26 | G14: =SUMIF('Все сезоны'!$B$2:$B$124,A14,'Все сезоны'!$F$2:$F$124) -> 18 | H14: =F14+G14 -> 44 | I14: =SUMIF('Все сезоны'!$B$2:$B$124,A14,'Все сезоны'!$G$2:$G$124) -> 11
A15: T. Tomás | B15: =COUNTIF('Все сезоны'!$B$2:$B$124,A15) -> 1 | C15: 2027/28 | D15: 2027/28 | E15: =SUMIF('Все сезоны'!$B$2:$B$124,A15,'Все сезоны'!$D$2:$D$124) -> 43 | F15: =SUMIF('Все сезоны'!$B$2:$B$124,A15,'Все сезоны'!$E$2:$E$124) -> 24 | G15: =SUMIF('Все сезоны'!$B$2:$B$124,A15,'Все сезоны'!$F$2:$F$124) -> 5 | H15: =F15+G15 -> 29 | I15: =SUMIF('Все сезоны'!$B$2:$B$124,A15,'Все сезоны'!$G$2:$G$124) -> 0
A16: D. Fofana | B16: =COUNTIF('Все сезоны'!$B$2:$B$124,A16) -> 1 | C16: 2025/26 | D16: 2025/26 | E16: =SUMIF('Все сезоны'!$B$2:$B$124,A16,'Все сезоны'!$D$2:$D$124) -> 33 | F16: =SUMIF('Все сезоны'!$B$2:$B$124,A16,'Все сезоны'!$E$2:$E$124) -> 13 | G16: =SUMIF('Все сезоны'!$B$2:$B$124,A16,'Все сезоны'!$F$2:$F$124) -> 4 | H16: =F16+G16 -> 17 | I16: =SUMIF('Все сезоны'!$B$2:$B$124,A16,'Все сезоны'!$G$2:$G$124) -> 0
... A86: S. Yılmaz | B86: =COUNTIF('Все сезоны'!$B$2:$B$124,A86) -> 1 | C86: 2026/27 | D86: 2026/27 | E86: =SUMIF('Все сезоны'!$B$2:$B$124,A86,'Все сезоны'!$D$2:$D$124) -> 0 | F86: =SUMIF('Все сезоны'!$B$2:$B$124,A86,'Все сезоны'!$E$2:$E$124) -> 0 | G86: =SUMIF('Все сезоны'!$B$2:$B$124,A86,'Все сезоны'!$F$2:$F$124) -> 0 | H86: =F86+G86 -> 0 | I86: =SUMIF('Все сезоны'!$B$2:$B$124,A86,'Все сезоны'!$G$2:$G$124) -> 0
A88: Количество сезонов = число сезонов, где футболист присутствует в таблице (включая 0 матчей).
A89: Суммы включают только видимые на скриншотах записи. Повторения внутри одного сезона уже исключены.
